year,hour,obs,D1,D7,D30,D365
1948,0,-17,-56,-67,-19,87
1948,1,-11,-53,-67,-19,87
1948,2,6,-49,-67,-19,87
1948,3,6,-46,-67,-19,87
1948,4,0,-42,-67,-19,87
1948,5,0,-39,-68,-19,87
1948,6,0,-35,-68,-19,87
1948,7,0,-32,-68,-19,87
1948,8,0,-29,-68,-19,87
1948,9,0,-26,-68,-19,87
1948,10,-6,-23,-68,-19,87
1948,11,-11,-20,-68,-19,87
1948,12,-11,-18,-69,-19,87
1948,13,-22,-16,-69,-19,87
1948,14,-22,-15,-69,-19,87
1948,15,-22,-13,-69,-19,87
1948,16,-11,-12,-70,-19,87
1948,17,0,-10,-70,-19,87
1948,18,0,-8,-70,-19,87
1948,19,-6,-7,-70,-19,87
1948,20,0,-7,-70,-19,87
1948,21,6,-6,-70,-19,87
1948,22,11,-5,-70,-19,87
1948,23,11,-4,-70,-19,87
1949,0,-22,-16,-30,-17,91
1949,1,-17,-16,-31,-17,91
1949,2,-17,-16,-31,-17,91
1949,3,-17,-16,-32,-17,91
1949,4,-17,-16,-32,-17,91
1949,5,-22,-17,-33,-17,91
1949,6,-28,-18,-33,-17,91
1949,7,-28,-18,-33,-17,91
1949,8,-33,-19,-34,-17,91
1949,9,-33,-20,-34,-17,91
1949,10,-39,-21,-34,-17,91
1949,11,-44,-22,-35,-17,91
1949,12,-44,-24,-35,-17,91
1949,13,-44,-25,-35,-17,91
1949,14,-39,-25,-36,-17,91
1949,15,-22,-25,-36,-17,91
1949,16,-6,-24,-36,-17,91
1949,17,6,-23,-36,-17,91
1949,18,22,-21,-36,-18,91
1949,19,50,-18,-36,-18,91
1949,20,56,-16,-35,-18,91
1949,21,50,-13,-35,-18,91
1949,22,50,-11,-35,-18,91
1949,23,44,-8,-35,-18,91
1950,0,-161,-187,-87,-68,74
1950,1,-156,-186,-87,-68,74
1950,2,-150,-185,-88,-69,74
1950,3,-144,-183,-88,-69,74
1950,4,-139,-181,-88,-69,74
1950,5,-133,-178,-88,-69,74
1950,6,-133,-175,-88,-69,74
1950,7,-122,-172,-88,-69,74
1950,8,-111,-168,-88,-70,74
1950,9,-122,-164,-88,-70,74
1950,10,-133,-160,-88,-70,74
1950,11,-133,-156,-89,-70,74
1950,12,-128,-152,-89,-70,74
1950,13,-133,-147,-89,-70,74
1950,14,-122,-143,-89,-70,74
1950,15,-117,-140,-89,-71,74
1950,16,-94,-137,-90,-71,74
1950,17,-83,-134,-90,-71,74
1950,18,-67,-130,-90,-71,74
1950,19,-56,-127,-90,-71,74
1950,20,-50,-123,-90,-71,74
1950,21,-61,-120,-90,-71,74
1950,22,-67,-116,-90,-71,73
1950,23,-78,-112,-91,-71,73
1951,0,-117,-136,-106,-42,71
1951,1,-117,-136,-107,-42,71
1951,2,-111,-136,-107,-42,71
1951,3,-117,-136,-108,-42,71
1951,4,-111,-135,-109,-43,71
1951,5,-111,-133,-110,-43,71
1951,6,-94,-131,-110,-43,71
1951,7,-83,-127,-111,-43,71
1951,8,-78,-124,-111,-43,71
1951,9,-72,-120,-112,-43,71
1951,10,-67,-116,-112,-43,71
1951,11,-61,-112,-112,-43,71
1951,12,-50,-107,-112,-43,71
1951,13,-50,-102,-113,-43,71
1951,14,-44,-97,-113,-43,71
1951,15,-44,-93,-113,-44,71
1951,16,-39,-89,-113,-44,71
1951,17,-33,-86,-113,-44,71
1951,18,-28,-82,-113,-44,71
1951,19,-17,-79,-112,-44,71
1951,20,-17,-76,-112,-44,71
1951,21,-17,-72,-111,-44,71
1951,22,-28,-68,-111,-44,71
1951,23,-39,-64,-110,-44,71
1952,0,-83,-75,-12,-14,90
1952,1,-89,-77,-12,-14,90
1952,2,-100,-79,-13,-14,90
1952,3,-106,-82,-14,-14,90
1952,4,-100,-83,-15,-14,90
1952,5,-106,-85,-15,-14,90
1952,6,-94,-86,-16,-14,90
1952,7,-100,-87,-17,-14,90
1952,8,-78,-87,-17,-14,90
1952,9,-78,-87,-18,-14,90
1952,10,-83,-86,-18,-14,90
1952,11,-83,-86,-19,-14,90
1952,12,-78,-84,-19,-14,90
1952,13,-78,-83,-20,-14,90
1952,14,-67,-82,-20,-14,90
1952,15,-50,-80,-21,-13,90
1952,16,-33,-77,-21,-13,90
1952,17,-17,-75,-21,-13,90
1952,18,-6,-72,-21,-13,90
1952,19,11,-69,-21,-13,90
1952,20,17,-67,-21,-13,90
1952,21,17,-63,-21,-13,90
1952,22,6,-61,-21,-13,90
1952,23,-6,-58,-21,-13,90
1953,0,11,-4,-29,-13,96
1953,1,6,-4,-29,-13,97
1953,2,6,-4,-29,-13,97
1953,3,6,-4,-29,-13,97
1953,4,11,-3,-30,-13,97
1953,5,17,-1,-30,-13,97
1953,6,17,0,-30,-13,97
1953,7,17,2,-30,-13,97
1953,8,11,4,-30,-13,97
1953,9,6,5,-30,-13,97
1953,10,0,7,-30,-13,97
1953,11,0,8,-31,-13,97
1953,12,0,10,-31,-12,97
1953,13,-6,10,-31,-12,97
1953,14,-11,11,-31,-12,97
1953,15,0,11,-32,-12,97
1953,16,6,11,-32,-12,97
1953,17,11,11,-32,-12,97
1953,18,22,11,-32,-12,97
1953,19,22,11,-32,-12,97
1953,20,17,10,-32,-12,97
1953,21,11,10,-32,-12,97
1953,22,-11,8,-32,-12,97
1953,23,-22,6,-33,-12,97
1954,0,6,22,5,-15,91
1954,1,0,20,5,-15,91
1954,2,6,19,5,-15,91
1954,3,6,18,5,-15,91
1954,4,6,17,6,-15,91
1954,5,11,17,6,-15,91
1954,6,6,16,6,-15,91
1954,7,6,15,7,-15,91
1954,8,0,14,7,-15,91
1954,9,-11,13,7,-15,91
1954,10,-17,11,7,-15,91
1954,11,-28,8,7,-15,91
1954,12,-33,5,7,-15,91
1954,13,-33,3,7,-15,91
1954,14,-33,0,7,-15,91
1954,15,-33,-2,7,-15,91
1954,16,-33,-4,7,-15,91
1954,17,-33,-6,7,-15,91
1954,18,-33,-8,7,-15,91
1954,19,-33,-10,7,-15,91
1954,20,-33,-12,7,-16,91
1954,21,-33,-13,6,-16,91
1954,22,-50,-16,6,-16,91
1954,23,-50,-18,6,-16,91
1955,0,0,-13,-16,-58,90
1955,1,0,-12,-16,-58,90
1955,2,-6,-12,-15,-57,90
1955,3,-6,-12,-15,-57,90
1955,4,-6,-12,-14,-57,90
1955,5,-11,-12,-14,-57,90
1955,6,-17,-12,-13,-57,90
1955,7,-17,-12,-13,-56,90
1955,8,-17,-12,-12,-56,90
1955,9,-11,-11,-12,-56,90
1955,10,-11,-9,-11,-56,90
1955,11,-17,-8,-11,-55,90
1955,12,-17,-7,-10,-55,90
1955,13,-17,-6,-10,-55,90
1955,14,-17,-6,-9,-55,90
1955,15,0,-6,-9,-54,90
1955,16,0,-7,-8,-54,90
1955,17,6,-7,-8,-54,90
1955,18,11,-6,-7,-54,90
1955,19,6,-6,-7,-54,90
1955,20,11,-6,-7,-53,90
1955,21,17,-5,-6,-53,90
1955,22,17,-4,-6,-53,90
1955,23,22,-3,-5,-53,90
1956,0,-28,5,-8,-16,84
1956,1,-39,3,-8,-16,84
1956,2,-39,1,-9,-16,84
1956,3,-28,-1,-9,-16,84
1956,4,-28,-3,-9,-16,84
1956,5,-22,-3,-9,-16,84
1956,6,-22,-5,-9,-16,84
1956,7,-17,-5,-9,-16,84
1956,8,-17,-6,-8,-16,84
1956,9,-17,-7,-8,-16,84
1956,10,-17,-8,-8,-16,84
1956,11,-11,-8,-8,-16,84
1956,12,-11,-9,-8,-16,84
1956,13,-17,-9,-8,-16,84
1956,14,-33,-10,-8,-16,84
1956,15,-33,-12,-8,-16,84
1956,16,-39,-14,-8,-16,84
1956,17,-44,-17,-8,-16,84
1956,18,-50,-20,-9,-16,84
1956,19,-56,-23,-9,-16,84
1956,20,-50,-26,-9,-16,84
1956,21,-50,-28,-10,-16,84
1956,22,-61,-31,-10,-16,84
1956,23,-61,-33,-10,-16,84
1957,0,11,-19,20,-6,80
1957,1,6,-17,20,-6,80
1957,2,6,-15,20,-6,80
1957,3,0,-13,20,-6,80
1957,4,0,-11,20,-6,80
1957,5,0,-9,20,-6,80
1957,6,0,-6,20,-6,80
1957,7,6,-4,20,-6,80
1957,8,6,-1,20,-6,80
1957,9,6,2,20,-6,80
1957,10,6,4,20,-6,80
1957,11,-11,6,20,-6,80
1957,12,-22,6,20,-6,80
1957,13,-39,6,19,-6,80
1957,14,-61,5,19,-6,80
1957,15,-78,2,18,-6,80
1957,16,-72,-1,17,-7,80
1957,17,-67,-5,17,-7,80
1957,18,-56,-8,16,-7,80
1957,19,-44,-11,15,-7,80
1957,20,-39,-15,14,-7,80
1957,21,-33,-18,14,-7,80
1957,22,-39,-21,13,-7,80
1957,23,-50,-24,13,-7,80
1958,0,11,17,-32,-85,77
1958,1,6,18,-31,-85,77
1958,2,11,18,-31,-85,77
1958,3,0,19,-30,-84,77
1958,4,0,19,-29,-84,77
1958,5,-6,19,-28,-84,77
1958,6,-28,17,-28,-84,77
1958,7,-39,15,-27,-84,77
1958,8,-56,12,-27,-84,77
1958,9,-50,10,-26,-84,77
1958,10,-39,7,-26,-84,77
1958,11,-39,5,-25,-84,77
1958,12,-39,3,-24,-84,77
1958,13,-50,1,-24,-84,77
1958,14,-22,1,-23,-84,77
1958,15,0,1,-23,-84,77
1958,16,22,1,-22,-84,77
1958,17,50,2,-21,-84,77
1958,18,72,3,-20,-83,77
1958,19,78,4,-20,-83,77
1958,20,78,4,-19,-83,77
1958,21,72,5,-18,-83,77
1958,22,67,5,-17,-83,77
1958,23,39,6,-17,-83,77
1959,0,67,53,-8,-1,81
1959,1,67,54,-7,-0,81
1959,2,72,55,-7,-0,81
1959,3,72,57,-6,0,81
1959,4,72,58,-5,0,81
1959,5,72,60,-5,0,81
1959,6,78,61,-4,1,81
1959,7,72,61,-3,1,81
1959,8,61,62,-3,1,81
1959,9,56,62,-2,1,81
1959,10,61,62,-2,1,81
1959,11,50,62,-1,1,81
1959,12,50,62,-0,2,81
1959,13,39,61,0,2,81
1959,14,33,60,1,2,81
1959,15,33,59,1,2,81
1959,16,33,58,2,2,81
1959,17,33,56,2,2,81
1959,18,28,55,2,2,81
1959,19,22,54,2,3,81
1959,20,22,53,3,3,81
1959,21,11,51,3,3,81
1959,22,17,49,3,3,81
1959,23,17,47,3,3,81
1960,0,-111,-84,-104,-44,75
1960,1,-106,-84,-105,-44,75
1960,2,-150,-85,-105,-44,75
1960,3,-150,-86,-105,-44,75
1960,4,-128,-86,-105,-45,75
1960,5,-144,-88,-105,-45,75
1960,6,-133,-90,-105,-45,75
1960,7,-117,-92,-105,-46,75
1960,8,-106,-94,-105,-46,75
1960,9,-117,-96,-104,-46,75
1960,10,-122,-98,-104,-46,75
1960,11,-128,-100,-104,-47,75
1960,12,-122,-101,-104,-47,75
1960,13,-139,-103,-103,-47,75
1960,14,-139,-104,-103,-48,75
1960,15,-94,-105,-103,-48,75
1960,16,-72,-105,-103,-48,75
1960,17,-50,-104,-102,-49,75
1960,18,-33,-104,-102,-49,75
1960,19,-22,-102,-101,-49,75
1960,20,-17,-100,-101,-49,75
1960,21,-22,-99,-100,-49,75
1960,22,-33,-98,-100,-50,75
1960,23,-33,-95,-100,-50,75
1961,0,-133,-97,-47,-30,84
1961,1,-144,-102,-48,-30,84
1961,2,-150,-107,-48,-30,84
1961,3,-144,-112,-49,-30,84
1961,4,-133,-116,-49,-31,84
1961,5,-144,-120,-49,-31,84
1961,6,-144,-123,-49,-31,84
1961,7,-156,-126,-50,-31,84
1961,8,-167,-129,-50,-31,84
1961,9,-172,-132,-51,-32,84
1961,10,-178,-135,-52,-32,84
1961,11,-189,-137,-52,-32,84
1961,12,-200,-140,-53,-32,84
1961,13,-211,-144,-54,-32,84
1961,14,-217,-147,-55,-33,84
1961,15,-217,-151,-56,-33,84
1961,16,-206,-154,-57,-33,83
1961,17,-200,-157,-58,-33,83
1961,18,-189,-160,-59,-34,83
1961,19,-183,-163,-60,-34,83
1961,20,-178,-166,-61,-34,83
1961,21,-178,-169,-62,-34,83
1961,22,-183,-172,-63,-35,83
1961,23,-183,-175,-64,-35,83
1962,0,-50,-124,-96,-41,73
1962,1,-61,-118,-96,-41,73
1962,2,-83,-114,-97,-41,73
1962,3,-100,-110,-97,-41,73
1962,4,-106,-107,-97,-41,73
1962,5,-111,-104,-98,-42,73
1962,6,-111,-100,-98,-42,73
1962,7,-111,-97,-99,-42,73
1962,8,-139,-95,-100,-42,73
1962,9,-150,-95,-100,-42,73
1962,10,-150,-96,-101,-42,73
1962,11,-150,-97,-102,-43,73
1962,12,-144,-97,-102,-43,73
1962,13,-144,-98,-103,-43,73
1962,14,-133,-99,-104,-43,73
1962,15,-117,-100,-104,-43,73
1962,16,-100,-100,-105,-44,73
1962,17,-67,-99,-105,-44,73
1962,18,-44,-98,-105,-44,73
1962,19,-28,-96,-105,-44,73
1962,20,-17,-95,-105,-44,74
1962,21,-6,-93,-105,-45,74
1962,22,-11,-91,-105,-45,74
1962,23,-11,-89,-105,-45,74
1963,0,-117,-70,-98,-78,75
1963,1,-122,-74,-98,-78,75
1963,2,-128,-78,-97,-78,75
1963,3,-139,-82,-97,-79,75
1963,4,-150,-86,-97,-79,75
1963,5,-156,-91,-96,-79,75
1963,6,-161,-95,-96,-79,75
1963,7,-172,-100,-96,-80,75
1963,8,-172,-104,-96,-80,75
1963,9,-172,-108,-95,-80,75
1963,10,-167,-112,-95,-81,75
1963,11,-161,-116,-95,-81,75
1963,12,-161,-120,-94,-81,75
1963,13,-161,-124,-94,-81,75
1963,14,-161,-129,-94,-82,75
1963,15,-161,-133,-94,-82,75
1963,16,-150,-136,-93,-82,75
1963,17,-133,-138,-93,-83,75
1963,18,-128,-140,-93,-83,75
1963,19,-117,-141,-93,-83,75
1963,20,-111,-142,-93,-83,75
1963,21,-106,-142,-93,-84,75
1963,22,-117,-143,-93,-84,75
1963,23,-117,-143,-93,-84,75
1964,0,-44,-78,-36,-53,86
1964,1,-28,-76,-36,-53,86
1964,2,-22,-74,-35,-54,86
1964,3,-17,-71,-34,-54,86
1964,4,-22,-68,-34,-54,86
1964,5,-17,-64,-33,-54,86
1964,6,-22,-61,-32,-54,86
1964,7,-22,-57,-32,-54,86
1964,8,-22,-53,-31,-54,86
1964,9,-22,-50,-31,-54,86
1964,10,-22,-46,-30,-54,86
1964,11,-28,-43,-29,-55,86
1964,12,-28,-39,-29,-55,86
1964,13,-22,-36,-29,-55,86
1964,14,-17,-32,-28,-55,86
1964,15,-17,-28,-28,-55,86
1964,16,-11,-26,-28,-55,86
1964,17,-11,-25,-28,-55,86
1964,18,-11,-24,-28,-55,86
1964,19,-11,-23,-28,-55,86
1964,20,-17,-22,-28,-55,86
1964,21,-11,-22,-29,-55,86
1964,22,-11,-21,-29,-55,86
1964,23,-11,-19,-29,-55,86
1965,0,,,,,
1965,1,,,,,
1965,2,,,,,
1965,3,,,,,
1965,4,,,,,
1965,5,,,,,
1965,6,,,,,
1965,7,,,,,
1965,8,,,,,
1965,9,,,,,
1965,10,,,,,
1965,11,,,,,
1965,12,,,,,
1965,13,,,,,
1965,14,,,,,
1965,15,,,,,
1965,16,,,,,
1965,17,,,,,
1965,18,,,,,
1965,19,,,,,
1965,20,,,,,
1965,21,,,,,
1965,22,,,,,
1965,23,,,,,
1966,0,,,,,
1966,1,,,,,
1966,2,,,,,
1966,3,,,,,
1966,4,,,,,
1966,5,,,,,
1966,6,,,,,
1966,7,,,,,
1966,8,,,,,
1966,9,,,,,
1966,10,,,,,
1966,11,,,,,
1966,12,,,,,
1966,13,,,,,
1966,14,,,,,
1966,15,,,,,
1966,16,,,,,
1966,17,,,,,
1966,18,,,,,
1966,19,,,,,
1966,20,,,,,
1966,21,,,,,
1966,22,,,,,
1966,23,,,,,
1967,0,,,,,
1967,1,,,,,
1967,2,,,,,
1967,3,,,,,
1967,4,,,,,
1967,5,,,,,
1967,6,,,,,
1967,7,,,,,
1967,8,,,,,
1967,9,,,,,
1967,10,,,,,
1967,11,,,,,
1967,12,,,,,
1967,13,,,,,
1967,14,,,,,
1967,15,,,,,
1967,16,,,,,
1967,17,,,,,
1967,18,,,,,
1967,19,,,,,
1967,20,,,,,
1967,21,,,,,
1967,22,,,,,
1967,23,,,,,
1968,0,,,,,
1968,1,,,,,
1968,2,,,,,
1968,3,,,,,
1968,4,,,,,
1968,5,,,,,
1968,6,,,,,
1968,7,,,,,
1968,8,,,,,
1968,9,,,,,
1968,10,,,,,
1968,11,,,,,
1968,12,,,,,
1968,13,,,,,
1968,14,,,,,
1968,15,,,,,
1968,16,,,,,
1968,17,,,,,
1968,18,,,,,
1968,19,,,,,
1968,20,,,,,
1968,21,,,,,
1968,22,,,,,
1968,23,,,,,
1969,0,,,,,
1969,1,,,,,
1969,2,,,,,
1969,3,,,,,
1969,4,,,,,
1969,5,,,,,
1969,6,,,,,
1969,7,,,,,
1969,8,,,,,
1969,9,,,,,
1969,10,,,,,
1969,11,,,,,
1969,12,,,,,
1969,13,,,,,
1969,14,,,,,
1969,15,,,,,
1969,16,,,,,
1969,17,,,,,
1969,18,,,,,
1969,19,,,,,
1969,20,,,,,
1969,21,,,,,
1969,22,,,,,
1969,23,,,,,
1970,0,,,,,
1970,1,,,,,
1970,2,,,,,
1970,3,,,,,
1970,4,,,,,
1970,5,,,,,
1970,6,,,,,
1970,7,,,,,
1970,8,,,,,
1970,9,,,,,
1970,10,,,,,
1970,11,,,,,
1970,12,,,,,
1970,13,,,,,
1970,14,,,,,
1970,15,,,,,
1970,16,,,,,
1970,17,,,,,
1970,18,,,,,
1970,19,,,,,
1970,20,,,,,
1970,21,,,,,
1970,22,,,,,
1970,23,,,,,
1971,0,,,,,
1971,1,,,,,
1971,2,,,,,
1971,3,,,,,
1971,4,,,,,
1971,5,,,,,
1971,6,,,,,
1971,7,,,,,
1971,8,,,,,
1971,9,,,,,
1971,10,,,,,
1971,11,,,,,
1971,12,,,,,
1971,13,,,,,
1971,14,,,,,
1971,15,,,,,
1971,16,,,,,
1971,17,,,,,
1971,18,,,,,
1971,19,,,,,
1971,20,,,,,
1971,21,,,,,
1971,22,,,,,
1971,23,,,,,
1972,0,,,,,
1972,1,,,,,
1972,2,,,,,
1972,3,,,,,
1972,4,,,,,
1972,5,,,,,
1972,6,,,,,
1972,7,,,,,
1972,8,,,,,
1972,9,,,,,
1972,10,,,,,
1972,11,,,,,
1972,12,,,,,
1972,13,,,,,
1972,14,,,,,
1972,15,,,,,
1972,16,,,,,
1972,17,,,,,
1972,18,,,,,
1972,19,,,,,
1972,20,,,,,
1972,21,,,,,
1972,22,,,,,
1972,23,,,,,
1973,0,-22,2,-27,-19,
1973,1,-22,0,-27,-19,
1973,2,-22,-2,-26,-19,
1973,3,-17,-3,-26,-19,
1973,4,-17,-4,-25,-20,
1973,5,-17,-5,-25,-20,
1973,6,-22,-7,-24,-20,
1973,7,-33,-8,-24,-20,
1973,8,-44,-10,-24,-20,93
1973,9,-44,-12,-23,-20,93
1973,10,-44,-14,-23,-20,93
1973,11,-39,-16,-23,-20,93
1973,12,-33,-18,-22,-20,93
1973,13,-22,-19,-22,-21,93
1973,14,-17,-20,-21,-21,93
1973,15,-6,-20,-20,-21,93
1973,16,0,-21,-20,-21,93
1973,17,11,-20,-19,-21,93
1973,18,17,-20,-19,-21,93
1973,19,6,-19,-18,-21,93
1973,20,6,-19,-18,-21,93
1973,21,6,-18,-18,-21,93
1973,22,6,-17,-17,-21,93
1973,23,6,-15,-17,-21,93
1974,0,0,-10,-36,-15,79
1974,1,-6,-10,-36,-15,79
1974,2,-6,-9,-36,-15,79
1974,3,-6,-8,-36,-15,79
1974,4,-6,-8,-36,-15,79
1974,5,0,-7,-36,-15,79
1974,6,-6,-6,-36,-15,79
1974,7,0,-5,-36,-15,79
1974,8,0,-4,-36,-15,79
1974,9,0,-4,-36,-15,79
1974,10,0,-3,-35,-15,79
1974,11,0,-2,-35,-15,79
1974,12,0,-1,-35,-15,79
1974,13,0,-1,-35,-14,79
1974,14,6,-0,-35,-14,79
1974,15,0,0,-34,-14,79
1974,16,6,1,-34,-14,79
1974,17,11,1,-34,-14,79
1974,18,11,2,-34,-14,79
1974,19,11,2,-33,-14,79
1974,20,11,2,-33,-14,79
1974,21,11,2,-33,-14,79
1974,22,11,2,-33,-14,79
1974,23,6,2,-32,-14,79
1975,0,-72,-47,-31,-10,86
1975,1,-83,-49,-31,-10,86
1975,2,-94,-51,-32,-10,86
1975,3,-106,-54,-32,-10,86
1975,4,-83,-56,-33,-10,86
1975,5,-83,-57,-33,-11,86
1975,6,-78,-59,-33,-11,86
1975,7,-72,-60,-34,-11,86
1975,8,-67,-61,-34,-11,86
1975,9,-67,-62,-34,-11,86
1975,10,-67,-63,-34,-11,86
1975,11,-61,-63,-35,-11,86
1975,12,-61,-64,-35,-11,86
1975,13,-61,-64,-35,-11,86
1975,14,-56,-63,-35,-11,86
1975,15,-50,-63,-35,-11,86
1975,16,-50,-63,-35,-11,86
1975,17,-50,-63,-35,-11,86
1975,18,-44,-63,-35,-11,86
1975,19,-44,-64,-35,-11,86
1975,20,-44,-64,-35,-11,86
1975,21,-44,-64,-36,-11,86
1975,22,-50,-65,-36,-11,86
1975,23,-44,-64,-36,-11,86
1976,0,-28,-86,-80,-78,83
1976,1,-39,-84,-79,-77,83
1976,2,-50,-81,-79,-77,83
1976,3,-61,-79,-78,-77,83
1976,4,-72,-77,-78,-77,83
1976,5,-89,-76,-77,-77,83
1976,6,-94,-75,-77,-77,83
1976,7,-94,-73,-77,-77,83
1976,8,-106,-73,-76,-77,83
1976,9,-100,-72,-76,-77,83
1976,10,-94,-71,-76,-77,83
1976,11,-94,-70,-76,-77,83
1976,12,-100,-69,-75,-77,83
1976,13,-106,-69,-75,-77,83
1976,14,-106,-69,-75,-77,83
1976,15,-106,-70,-74,-77,83
1976,16,-117,-72,-74,-77,83
1976,17,-117,-74,-74,-77,83
1976,18,-117,-76,-74,-77,83
1976,19,-128,-80,-74,-77,83
1976,20,-133,-85,-74,-77,83
1976,21,-144,-90,-75,-77,83
1976,22,-144,-94,-75,-77,83
1976,23,-144,-99,-75,-77,83
1977,0,-167,-167,-81,-50,80
1977,1,-167,-169,-82,-51,80
1977,2,-172,-170,-83,-51,80
1977,3,-172,-170,-84,-51,80
1977,4,-172,-171,-85,-51,80
1977,5,-167,-171,-86,-51,80
1977,6,-161,-170,-87,-51,80
1977,7,-144,-169,-88,-51,80
1977,8,-139,-168,-88,-51,80
1977,9,-128,-165,-89,-52,80
1977,10,-122,-163,-90,-52,80
1977,11,-117,-160,-90,-52,80
1977,12,-117,-157,-91,-52,80
1977,13,-111,-154,-92,-52,80
1977,14,-106,-150,-92,-52,80
1977,15,-94,-147,-93,-52,80
1977,16,-89,-143,-93,-52,80
1977,17,-78,-139,-94,-52,80
1977,18,-67,-135,-94,-52,80
1977,19,-56,-131,-95,-51,80
1977,20,-56,-127,-95,-51,80
1977,21,-56,-123,-95,-51,80
1977,22,-61,-120,-95,-52,80
1977,23,-78,-117,-96,-51,80
1978,0,-100,-100,-48,-44,74
1978,1,-100,-100,-49,-44,74
1978,2,-100,-100,-50,-45,74
1978,3,-100,-100,-50,-45,74
1978,4,-100,-101,-51,-45,74
1978,5,-89,-101,-51,-45,74
1978,6,-89,-102,-51,-45,74
1978,7,-78,-102,-52,-45,74
1978,8,-72,-101,-52,-45,74
1978,9,-67,-100,-52,-45,74
1978,10,-61,-99,-53,-45,74
1978,11,-61,-96,-53,-45,74
1978,12,-39,-93,-53,-45,74
1978,13,-33,-89,-53,-45,74
1978,14,-33,-85,-53,-45,74
1978,15,-28,-81,-52,-45,74
1978,16,-28,-77,-52,-45,74
1978,17,-22,-73,-52,-45,74
1978,18,-22,-69,-52,-45,74
1978,19,-22,-66,-51,-45,74
1978,20,-17,-63,-51,-45,74
1978,21,-17,-60,-51,-45,74
1978,22,-11,-57,-51,-45,74
1978,23,-11,-54,-51,-45,74
1979,0,-6,-8,24,-6,77
1979,1,-6,-8,24,-6,77
1979,2,-11,-8,24,-6,77
1979,3,-28,-9,24,-7,77
1979,4,-22,-10,23,-7,77
1979,5,-22,-10,23,-7,77
1979,6,-28,-11,23,-7,77
1979,7,-33,-12,23,-7,77
1979,8,-39,-13,22,-7,77
1979,9,-44,-14,22,-7,77
1979,10,-50,-15,22,-7,77
1979,11,-56,-16,22,-7,77
1979,12,-56,-17,21,-7,77
1979,13,-56,-18,21,-7,77
1979,14,-56,-18,20,-7,77
1979,15,-50,-20,20,-7,77
1979,16,-28,-20,20,-7,77
1979,17,-11,-20,19,-7,77
1979,18,6,-21,19,-7,77
1979,19,33,-20,19,-7,77
1979,20,50,-20,19,-7,77
1979,21,50,-19,19,-7,77
1979,22,33,-18,19,-7,77
1979,23,6,-18,19,-7,77
1980,0,-44,-50,-85,-38,76
1980,1,-39,-48,-84,-38,76
1980,2,-39,-46,-83,-38,76
1980,3,-39,-45,-83,-39,76
1980,4,-39,-44,-82,-39,76
1980,5,-39,-42,-82,-39,76
1980,6,-44,-41,-81,-39,76
1980,7,-56,-41,-81,-39,76
1980,8,-56,-40,-80,-39,76
1980,9,-56,-40,-80,-39,76
1980,10,-56,-40,-79,-39,76
1980,11,-44,-39,-78,-39,76
1980,12,-50,-39,-78,-39,76
1980,13,-61,-40,-77,-39,76
1980,14,-56,-41,-77,-39,76
1980,15,-44,-41,-77,-39,76
1980,16,-33,-41,-76,-39,76
1980,17,-22,-41,-76,-40,76
1980,18,-11,-41,-75,-40,76
1980,19,-6,-40,-75,-40,76
1980,20,-6,-39,-75,-40,76
1980,21,-6,-38,-74,-40,76
1980,22,-6,-37,-74,-40,76
1980,23,-6,-36,-73,-40,76
1981,0,-67,-32,-34,-38,76
1981,1,-78,-35,-34,-38,76
1981,2,-72,-38,-34,-38,76
1981,3,-83,-42,-34,-38,76
1981,4,-78,-45,-34,-38,76
1981,5,-72,-47,-34,-38,76
1981,6,-61,-49,-34,-39,76
1981,7,-56,-50,-34,-39,76
1981,8,-56,-51,-34,-39,76
1981,9,-50,-51,-34,-39,76
1981,10,-56,-52,-34,-39,76
1981,11,-56,-52,-34,-39,76
1981,12,-61,-52,-34,-39,76
1981,13,-56,-53,-34,-39,76
1981,14,-56,-55,-34,-39,76
1981,15,-50,-56,-35,-39,76
1981,16,-50,-57,-35,-39,76
1981,17,-50,-58,-35,-39,76
1981,18,-44,-58,-35,-39,76
1981,19,-39,-58,-35,-39,76
1981,20,-44,-58,-35,-39,76
1981,21,-67,-59,-36,-39,76
1981,22,-67,-59,-36,-39,76
1981,23,-67,-60,-36,-39,76
1982,0,33,33,40,16,75
1982,1,33,34,41,16,75
1982,2,39,35,41,16,75
1982,3,39,35,42,16,75
1982,4,44,36,42,16,75
1982,5,50,37,43,16,75
1982,6,56,38,43,16,75
1982,7,78,40,44,16,75
1982,8,117,43,45,17,75
1982,9,117,47,46,17,75
1982,10,106,50,47,17,75
1982,11,100,53,47,17,75
1982,12,89,55,48,17,75
1982,13,72,56,49,17,75
1982,14,39,56,49,17,75
1982,15,44,56,50,17,75
1982,16,22,56,50,17,75
1982,17,11,54,51,17,75
1982,18,0,53,51,17,75
1982,19,6,51,51,17,75
1982,20,6,50,51,17,75
1982,21,0,49,51,17,75
1982,22,-6,47,51,17,75
1982,23,-11,45,51,17,75
1983,0,-67,-89,-173,-83,87
1983,1,-72,-87,-173,-84,87
1983,2,-72,-85,-173,-84,87
1983,3,-72,-83,-173,-84,87
1983,4,-72,-81,-173,-84,87
1983,5,-72,-80,-173,-84,87
1983,6,-72,-79,-173,-84,87
1983,7,-78,-78,-173,-84,87
1983,8,-78,-78,-173,-85,87
1983,9,-78,-77,-173,-85,87
1983,10,-78,-76,-173,-85,87
1983,11,-78,-76,-173,-85,87
1983,12,-78,-75,-173,-85,87
1983,13,-72,-74,-173,-85,87
1983,14,-72,-73,-174,-86,87
1983,15,-72,-73,-174,-86,87
1983,16,-78,-73,-174,-86,87
1983,17,-78,-73,-174,-86,87
1983,18,-72,-73,-174,-86,87
1983,19,-78,-73,-174,-87,87
1983,20,-83,-74,-174,-87,87
1983,21,-83,-75,-174,-87,87
1983,22,-94,-76,-174,-87,87
1983,23,-106,-77,-174,-87,87
1984,0,22,7,-50,-16,88
1984,1,22,8,-49,-16,88
1984,2,28,9,-49,-16,88
1984,3,33,10,-48,-16,88
1984,4,39,12,-48,-16,89
1984,5,28,13,-48,-16,89
1984,6,28,15,-48,-16,89
1984,7,67,18,-47,-16,89
1984,8,67,21,-47,-16,89
1984,9,72,25,-47,-16,89
1984,10,83,28,-46,-16,89
1984,11,83,32,-46,-16,89
1984,12,89,35,-45,-16,89
1984,13,94,39,-45,-15,89
1984,14,106,43,-44,-15,89
1984,15,122,48,-44,-15,89
1984,16,133,53,-43,-15,89
1984,17,144,58,-42,-15,89
1984,18,144,63,-42,-14,89
1984,19,156,69,-41,-14,89
1984,20,161,74,-40,-14,89
1984,21,161,80,-40,-14,89
1984,22,167,86,-39,-14,89
1984,23,167,92,-39,-13,89
1985,0,-122,-81,-104,-78,83
1985,1,-133,-86,-104,-78,83
1985,2,-150,-91,-104,-78,83
1985,3,-150,-96,-105,-79,83
1985,4,-156,-100,-105,-79,83
1985,5,-167,-105,-105,-79,83
1985,6,-167,-110,-105,-79,83
1985,7,-172,-114,-105,-80,83
1985,8,-183,-118,-105,-80,83
1985,9,-183,-122,-105,-80,83
1985,10,-183,-126,-105,-80,83
1985,11,-178,-129,-105,-81,83
1985,12,-183,-132,-105,-81,83
1985,13,-189,-136,-105,-81,83
1985,14,-189,-139,-105,-81,83
1985,15,-172,-142,-105,-82,83
1985,16,-156,-144,-105,-82,83
1985,17,-128,-147,-105,-82,83
1985,18,-117,-148,-105,-82,83
1985,19,-111,-150,-105,-83,83
1985,20,-106,-150,-105,-83,83
1985,21,-100,-151,-105,-83,83
1985,22,-100,-150,-105,-83,83
1985,23,-94,-150,-105,-83,82
1986,0,-6,11,-4,-13,86
1986,1,-11,11,-4,-13,86
1986,2,-17,9,-4,-13,86
1986,3,-17,8,-4,-13,87
1986,4,-17,7,-4,-13,87
1986,5,-22,6,-4,-13,87
1986,6,-17,5,-4,-13,87
1986,7,-22,4,-4,-13,87
1986,8,-28,2,-4,-13,87
1986,9,-33,1,-4,-13,87
1986,10,-33,-1,-4,-13,87
1986,11,-39,-3,-4,-13,87
1986,12,-39,-5,-4,-13,87
1986,13,-33,-6,-4,-13,87
1986,14,-33,-8,-4,-13,87
1986,15,-28,-10,-5,-13,87
1986,16,-22,-11,-5,-13,87
1986,17,-17,-13,-5,-13,87
1986,18,-11,-14,-5,-13,87
1986,19,-11,-16,-5,-14,87
1986,20,0,-17,-6,-14,87
1986,21,6,-18,-6,-14,87
1986,22,11,-18,-6,-14,87
1986,23,6,-18,-6,-14,87
1987,0,11,-37,-5,6,102
1987,1,17,-35,-4,6,102
1987,2,17,-32,-4,6,102
1987,3,17,-29,-4,6,102
1987,4,17,-26,-4,6,102
1987,5,22,-23,-4,6,102
1987,6,22,-20,-3,6,102
1987,7,17,-17,-3,6,102
1987,8,17,-14,-3,6,102
1987,9,17,-11,-2,6,102
1987,10,17,-8,-2,6,102
1987,11,17,-5,-2,6,102
1987,12,17,-2,-1,5,102
1987,13,17,1,-1,5,102
1987,14,17,4,-1,5,102
1987,15,17,7,-1,5,102
1987,16,6,8,-0,5,102
1987,17,0,9,-0,5,102
1987,18,0,10,-0,5,102
1987,19,0,11,-1,5,102
1987,20,0,12,-1,5,102
1987,21,0,12,-1,5,102
1987,22,0,12,-1,5,102
1987,23,6,12,-1,5,102
1988,0,-50,8,-1,-18,90
1988,1,-67,5,-1,-18,90
1988,2,-67,2,-2,-18,90
1988,3,-72,-2,-2,-19,90
1988,4,-78,-5,-3,-19,90
1988,5,-78,-9,-3,-19,90
1988,6,-83,-13,-4,-19,90
1988,7,-83,-18,-5,-19,90
1988,8,-83,-22,-5,-19,90
1988,9,-89,-26,-6,-19,90
1988,10,-89,-30,-6,-19,90
1988,11,-94,-35,-7,-20,90
1988,12,-106,-40,-7,-20,90
1988,13,-111,-46,-8,-20,90
1988,14,-117,-52,-8,-20,90
1988,15,-111,-58,-9,-20,90
1988,16,-111,-64,-10,-20,90
1988,17,-100,-69,-10,-20,90
1988,18,-94,-74,-11,-21,90
1988,19,-83,-78,-11,-21,90
1988,20,-78,-81,-12,-21,90
1988,21,-78,-83,-12,-21,90
1988,22,-78,-85,-13,-21,90
1988,23,-89,-87,-13,-21,90
1989,0,-44,-82,-144,-89,76
1989,1,-50,-80,-143,-89,76
1989,2,-50,-77,-143,-89,76
1989,3,-67,-75,-142,-89,76
1989,4,-72,-73,-141,-89,76
1989,5,-89,-72,-140,-89,76
1989,6,-94,-71,-140,-90,76
1989,7,-106,-71,-139,-90,76
1989,8,-106,-71,-138,-90,76
1989,9,-94,-71,-137,-90,76
1989,10,-83,-70,-136,-90,76
1989,11,-83,-70,-135,-90,76
1989,12,-78,-69,-134,-90,76
1989,13,-67,-68,-133,-90,76
1989,14,-56,-67,-132,-90,76
1989,15,-44,-66,-131,-90,76
1989,16,-33,-65,-129,-90,76
1989,17,-17,-63,-128,-90,76
1989,18,-6,-61,-127,-90,76
1989,19,0,-59,-126,-90,76
1989,20,6,-57,-124,-90,76
1989,21,11,-55,-123,-90,76
1989,22,11,-52,-122,-90,76
1989,23,6,-50,-120,-90,76
1990,0,-39,-82,-98,-15,100
1990,1,-28,-77,-98,-15,100
1990,2,-22,-72,-99,-15,100
1990,3,-22,-68,-99,-15,100
1990,4,-17,-63,-100,-15,100
1990,5,-22,-59,-100,-16,100
1990,6,-33,-55,-101,-16,100
1990,7,-39,-52,-101,-16,100
1990,8,-39,-49,-102,-16,100
1990,9,-39,-46,-103,-16,100
1990,10,-39,-43,-103,-16,100
1990,11,-39,-40,-104,-16,100
1990,12,-39,-37,-104,-16,100
1990,13,-39,-34,-105,-17,100
1990,14,-33,-31,-105,-17,100
1990,15,-33,-29,-105,-17,100
1990,16,-28,-29,-105,-17,100
1990,17,-17,-29,-106,-17,100
1990,18,-11,-28,-106,-17,100
1990,19,-6,-27,-106,-17,100
1990,20,-6,-27,-106,-17,100
1990,21,-6,-27,-106,-17,100
1990,22,-6,-26,-107,-17,100
1990,23,-6,-25,-107,-17,100
1991,0,17,19,-0,-12,98
1991,1,17,19,-0,-12,98
1991,2,17,19,-0,-12,98
1991,3,17,20,-0,-12,98
1991,4,11,20,-0,-12,98
1991,5,11,19,-0,-12,98
1991,6,11,19,-0,-12,98
1991,7,11,19,-0,-12,98
1991,8,11,19,-0,-12,98
1991,9,11,18,-0,-12,98
1991,10,11,18,0,-12,98
1991,11,6,17,0,-12,98
1991,12,6,17,0,-12,98
1991,13,6,16,0,-12,98
1991,14,6,15,1,-12,98
1991,15,6,14,1,-12,98
1991,16,11,14,1,-12,98
1991,17,17,14,1,-12,98
1991,18,17,13,1,-11,98
1991,19,17,13,1,-11,98
1991,20,17,13,1,-11,98
1991,21,17,13,1,-11,98
1991,22,17,13,1,-11,98
1991,23,17,13,1,-11,98
1992,0,11,-23,-60,-23,86
1992,1,0,-20,-60,-23,86
1992,2,-6,-17,-59,-23,86
1992,3,-6,-15,-59,-23,86
1992,4,-11,-13,-59,-23,86
1992,5,-11,-11,-58,-23,86
1992,6,-11,-9,-58,-23,86
1992,7,-22,-8,-58,-23,86
1992,8,-44,-8,-58,-23,86
1992,9,-6,-6,-57,-23,86
1992,10,-6,-5,-57,-23,86
1992,11,0,-3,-56,-23,86
1992,12,0,-2,-56,-23,86
1992,13,-6,-0,-56,-22,86
1992,14,-6,1,-55,-22,86
1992,15,0,2,-55,-22,86
1992,16,22,4,-55,-22,86
1992,17,39,5,-55,-22,86
1992,18,56,7,-54,-22,86
1992,19,67,8,-54,-22,86
1992,20,67,9,-54,-22,86
1992,21,56,10,-54,-22,86
1992,22,44,10,-54,-22,86
1992,23,39,11,-53,-22,86
1993,0,-117,-117,-79,-1,89
1993,1,-122,-117,-80,-1,89
1993,2,-128,-117,-80,-1,89
1993,3,-133,-117,-81,-1,89
1993,4,-139,-117,-82,-1,89
1993,5,-144,-118,-83,-1,89
1993,6,-150,-118,-83,-2,89
1993,7,-156,-119,-84,-2,89
1993,8,-161,-121,-85,-2,89
1993,9,-161,-122,-86,-2,89
1993,10,-167,-124,-87,-3,89
1993,11,-167,-125,-88,-3,89
1993,12,-167,-127,-89,-3,89
1993,13,-167,-129,-90,-3,89
1993,14,-167,-131,-91,-3,89
1993,15,-139,-132,-91,-4,89
1993,16,-117,-132,-92,-4,88
1993,17,-94,-132,-92,-4,88
1993,18,-89,-132,-93,-4,88
1993,19,-72,-132,-93,-4,88
1993,20,-67,-131,-94,-4,88
1993,21,-61,-129,-94,-4,88
1993,22,-67,-128,-94,-4,88
1993,23,-78,-126,-94,-4,88
1994,0,78,52,37,12,95
1994,1,78,53,37,12,95
1994,2,67,55,37,12,95
1994,3,78,56,37,12,95
1994,4,72,58,37,12,95
1994,5,67,59,38,12,95
1994,6,56,60,38,12,95
1994,7,44,61,38,12,95
1994,8,33,61,38,12,95
1994,9,33,61,38,12,95
1994,10,28,61,38,12,95
1994,11,28,62,38,12,95
1994,12,39,63,38,12,96
1994,13,44,63,39,12,96
1994,14,44,64,39,12,96
1994,15,50,65,39,12,96
1994,16,50,65,39,13,96
1994,17,56,64,39,13,96
1994,18,56,63,39,13,96
1994,19,56,61,39,13,96
1994,20,50,58,38,13,96
1994,21,44,56,38,13,96
1994,22,39,53,38,13,96
1994,23,33,51,38,13,96
1995,0,-67,-73,-50,-43,92
1995,1,-72,-73,-50,-43,92
1995,2,-72,-72,-51,-43,92
1995,3,-72,-72,-51,-43,92
1995,4,-72,-71,-51,-43,92
1995,5,-78,-71,-51,-43,92
1995,6,-83,-71,-51,-43,92
1995,7,-89,-71,-52,-43,92
1995,8,-89,-72,-52,-43,92
1995,9,-94,-72,-52,-44,92
1995,10,-100,-72,-52,-44,92
1995,11,-100,-72,-52,-44,92
1995,12,-106,-72,-53,-44,92
1995,13,-111,-73,-53,-44,92
1995,14,-106,-73,-53,-44,92
1995,15,-89,-73,-53,-44,92
1995,16,-67,-73,-53,-44,92
1995,17,-56,-73,-54,-44,92
1995,18,-44,-74,-54,-44,92
1995,19,-39,-74,-54,-44,92
1995,20,-39,-74,-54,-44,92
1995,21,-33,-74,-54,-44,92
1995,22,-39,-74,-54,-44,92
1995,23,-44,-73,-54,-44,92
1996,0,0,-82,-60,-24,78
1996,1,11,-76,-60,-24,78
1996,2,17,-69,-59,-23,78
1996,3,17,-63,-58,-23,78
1996,4,22,-56,-57,-23,78
1996,5,22,-50,-57,-23,78
1996,6,22,-44,-56,-23,78
1996,7,17,-39,-56,-23,78
1996,8,17,-33,-55,-23,78
1996,9,17,-28,-55,-23,78
1996,10,17,-23,-54,-23,78
1996,11,17,-19,-54,-23,78
1996,12,11,-15,-53,-22,78
1996,13,11,-11,-53,-22,78
1996,14,11,-7,-53,-22,78
1996,15,11,-3,-52,-22,78
1996,16,17,1,-52,-22,78
1996,17,17,4,-52,-22,78
1996,18,22,7,-52,-22,78
1996,19,28,10,-52,-22,78
1996,20,28,12,-52,-22,78
1996,21,28,15,-51,-22,78
1996,22,33,17,-51,-22,78
1996,23,28,18,-51,-22,78
1997,0,-56,-44,-16,4,81
1997,1,-67,-46,-16,4,81
1997,2,-83,-48,-17,4,81
1997,3,-83,-51,-17,3,81
1997,4,-89,-54,-18,3,81
1997,5,-83,-57,-18,3,81
1997,6,-83,-59,-18,3,81
1997,7,-94,-61,-18,3,81
1997,8,-100,-64,-19,2,81
1997,9,-100,-67,-19,2,81
1997,10,-100,-69,-19,2,81
1997,11,-94,-70,-20,2,81
1997,12,-83,-71,-20,1,81
1997,13,-72,-70,-20,1,81
1997,14,-61,-70,-20,1,81
1997,15,-50,-68,-20,1,81
1997,16,-33,-67,-21,1,81
1997,17,-22,-66,-21,1,81
1997,18,-11,-64,-21,0,81
1997,19,-6,-63,-21,0,81
1997,20,0,-62,-21,0,81
1997,21,0,-61,-21,0,81
1997,22,0,-59,-21,0,81
1997,23,-6,-57,-21,-0,81
1998,0,0,-6,-70,27,106
1998,1,-11,-4,-70,27,106
1998,2,-6,-1,-70,27,106
1998,3,-11,-0,-70,27,106
1998,4,-22,0,-71,27,106
1998,5,-33,-0,-71,26,106
1998,6,-39,-1,-71,26,106
1998,7,-44,-1,-71,26,106
1998,8,-50,-2,-71,26,106
1998,9,-72,-4,-72,26,106
1998,10,-78,-7,-72,26,106
1998,11,-89,-10,-72,25,106
1998,12,-83,-13,-73,25,106
1998,13,-83,-16,-73,25,106
1998,14,-94,-20,-73,25,106
1998,15,-56,-22,-73,24,106
1998,16,-39,-25,-73,24,106
1998,17,-6,-26,-72,24,106
1998,18,11,-27,-72,24,106
1998,19,28,-27,-71,24,106
1998,20,39,-27,-70,23,106
1998,21,39,-27,-70,23,106
1998,22,22,-28,-69,23,106
1998,23,17,-28,-68,23,106
1999,0,-89,-61,-96,-14,98
1999,1,-89,-63,-96,-15,98
1999,2,-94,-65,-96,-15,98
1999,3,-100,-67,-95,-15,98
1999,4,-106,-70,-95,-15,98
1999,5,-106,-72,-95,-15,98
1999,6,-106,-74,-95,-15,98
1999,7,-106,-76,-94,-16,98
1999,8,-100,-77,-94,-16,98
1999,9,-100,-78,-93,-16,98
1999,10,-106,-80,-93,-16,98
1999,11,-111,-82,-93,-16,98
1999,12,-106,-84,-92,-16,98
1999,13,-100,-86,-92,-16,98
1999,14,-89,-87,-91,-16,98
1999,15,-78,-87,-91,-17,98
1999,16,-67,-87,-90,-17,98
1999,17,-50,-87,-90,-17,98
1999,18,-39,-86,-89,-17,98
1999,19,-17,-84,-88,-17,98
1999,20,-17,-83,-88,-17,98
1999,21,-17,-81,-87,-17,98
1999,22,-17,-79,-87,-17,98
1999,23,-11,-76,-86,-17,98
2000,0,-128,-102,-131,-76,90
2000,1,-136,-105,-131,-76,90
2000,2,-139,-107,-132,-76,90
2000,3,-139,-110,-132,-77,90
2000,4,-144,-112,-132,-77,90
2000,5,-145,-115,-133,-77,90
2000,6,-139,-117,-133,-77,90
2000,7,-140,-118,-133,-77,90
2000,8,-128,-120,-134,-78,90
2000,9,-121,-120,-134,-78,90
2000,10,-121,-121,-134,-78,90
2000,11,-118,-121,-134,-78,90
2000,12,-117,-122,-134,-78,90
2000,13,-108,-122,-135,-79,90
2000,14,-108,-121,-135,-79,90
2000,15,-103,-121,-135,-79,90
2000,16,-86,-120,-134,-79,90
2000,17,-74,-118,-134,-79,90
2000,18,-67,-117,-133,-79,90
2000,19,-61,-115,-133,-79,90
2000,20,-61,-114,-132,-80,90
2000,21,-61,-112,-132,-80,90
2000,22,-61,-110,-131,-80,90
2000,23,-60,-107,-130,-80,90
2001,0,-67,-67,-42,25,97
2001,1,-56,-66,-42,25,97
2001,2,-53,-64,-42,24,97
2001,3,-50,-63,-42,24,97
2001,4,-50,-61,-42,24,97
2001,5,-55,-60,-43,24,97
2001,6,-67,-59,-43,24,97
2001,7,-72,-58,-43,24,97
2001,8,-72,-58,-44,24,97
2001,9,-72,-58,-44,24,97
2001,10,-72,-58,-44,23,97
2001,11,-71,-58,-44,23,97
2001,12,-72,-59,-45,23,97
2001,13,-70,-59,-45,23,97
2001,14,-68,-59,-45,23,97
2001,15,-68,-60,-45,23,97
2001,16,-61,-61,-46,23,97
2001,17,-58,-61,-46,22,97
2001,18,-61,-62,-46,22,97
2001,19,-58,-62,-47,22,97
2001,20,-64,-63,-47,22,97
2001,21,-70,-64,-48,22,97
2001,22,-71,-64,-48,22,97
2001,23,-76,-65,-49,22,97
2002,0,0,-25,-24,-13,95
2002,1,-11,-24,-24,-13,95
2002,2,-17,-23,-24,-13,95
2002,3,-12,-21,-24,-13,95
2002,4,-3,-20,-24,-13,95
2002,5,5,-18,-24,-13,95
2002,6,6,-16,-24,-13,95
2002,7,6,-13,-24,-13,95
2002,8,6,-11,-24,-13,95
2002,9,3,-9,-24,-13,95
2002,10,0,-7,-23,-13,95
2002,11,0,-4,-23,-13,95
2002,12,0,-2,-23,-12,95
2002,13,0,1,-23,-12,95
2002,14,0,3,-23,-12,95
2002,15,0,5,-23,-12,95
2002,16,3,5,-23,-12,95
2002,17,13,6,-23,-12,95
2002,18,22,6,-23,-12,95
2002,19,30,6,-23,-12,95
2002,20,36,6,-23,-12,95
2002,21,36,6,-22,-12,95
2002,22,25,7,-22,-12,95
2002,23,14,7,-22,-12,95
2003,0,61,31,-2,-6,84
2003,1,58,33,-1,-6,84
2003,2,58,35,-0,-6,84
2003,3,61,36,0,-6,84
2003,4,61,38,1,-6,84
2003,5,60,40,1,-6,84
2003,6,56,42,2,-6,84
2003,7,56,44,2,-6,84
2003,8,56,46,3,-6,84
2003,9,56,48,3,-6,84
2003,10,56,50,3,-6,84
2003,11,58,52,4,-6,84
2003,12,56,54,4,-6,84
2003,13,56,55,5,-6,84
2003,14,56,56,5,-5,84
2003,15,64,57,5,-5,84
2003,16,78,59,5,-5,84
2003,17,86,60,6,-5,84
2003,18,89,62,6,-5,84
2003,19,89,63,6,-5,84
2003,20,89,65,6,-5,84
2003,21,86,66,6,-4,84
2003,22,78,66,6,-4,84
2003,23,71,66,6,-4,84
2004,0,-33,-56,-100,-24,89
2004,1,-39,-55,-100,-24,89
2004,2,-42,-54,-100,-24,89
2004,3,-47,-53,-100,-24,89
2004,4,-47,-52,-101,-24,88
2004,5,-42,-51,-101,-25,88
2004,6,-44,-50,-101,-25,88
2004,7,-42,-49,-101,-25,88
2004,8,-42,-48,-101,-25,88
2004,9,-44,-47,-101,-25,88
2004,10,-42,-45,-101,-25,88
2004,11,-40,-44,-101,-25,88
2004,12,-39,-42,-101,-25,88
2004,13,-36,-40,-101,-25,88
2004,14,-30,-38,-101,-25,88
2004,15,-28,-37,-101,-25,88
2004,16,-2,-35,-101,-25,88
2004,17,13,-33,-101,-25,88
2004,18,17,-31,-101,-25,88
2004,19,28,-29,-100,-25,88
2004,20,38,-26,-100,-25,88
2004,21,42,-23,-99,-25,88
2004,22,36,-21,-99,-25,88
2004,23,32,-18,-98,-25,88
2005,0,17,8,-8,-49,96
2005,1,17,8,-7,-49,96
2005,2,17,9,-7,-49,96
2005,3,20,9,-6,-49,96
2005,4,21,10,-5,-49,96
2005,5,21,11,-4,-49,96
2005,6,22,12,-4,-49,96
2005,7,29,13,-3,-49,96
2005,8,29,14,-2,-49,96
2005,9,25,15,-1,-49,96
2005,10,21,16,0,-49,96
2005,11,22,17,1,-50,96
2005,12,22,18,2,-50,96
2005,13,21,18,3,-50,96
2005,14,21,19,3,-50,96
2005,15,21,19,4,-50,96
2005,16,22,20,5,-50,96
2005,17,22,20,5,-50,96
2005,18,22,20,6,-50,96
2005,19,20,21,7,-50,96
2005,20,18,21,7,-51,96
2005,21,14,20,8,-51,96
2005,22,10,20,8,-51,96
2005,23,11,20,9,-51,96
2006,0,28,1,23,6,102
2006,1,28,3,23,6,102
2006,2,28,5,23,6,102
2006,3,28,7,23,6,102
2006,4,28,9,23,6,102
2006,5,25,10,23,6,102
2006,6,22,12,23,6,102
2006,7,20,13,23,6,102
2006,8,22,15,23,5,102
2006,9,25,16,23,5,102
2006,10,25,18,23,5,102
2006,11,28,19,23,5,102
2006,12,33,21,23,5,102
2006,13,33,23,23,5,102
2006,14,33,25,23,5,102
2006,15,38,26,23,5,102
2006,16,47,28,23,5,102
2006,17,53,30,23,5,102
2006,18,56,31,23,5,102
2006,19,53,32,23,4,102
2006,20,53,33,23,4,102
2006,21,50,34,23,4,102
2006,22,42,34,23,4,102
2006,23,30,34,23,4,102
2007,0,-11,7,-4,-29,97
2007,1,-22,5,-5,-29,97
2007,2,-34,2,-5,-29,97
2007,3,-40,-1,-5,-29,97
2007,4,-28,-3,-6,-29,97
2007,5,-20,-5,-6,-29,97
2007,6,-17,-7,-6,-29,97
2007,7,-17,-8,-7,-29,97
2007,8,-17,-9,-7,-29,97
2007,9,-14,-10,-7,-29,97
2007,10,-8,-11,-7,-29,97
2007,11,0,-11,-7,-29,97
2007,12,6,-11,-7,-29,97
2007,13,6,-11,-8,-29,97
2007,14,10,-10,-8,-29,97
2007,15,10,-9,-8,-29,97
2007,16,8,-8,-8,-29,97
2007,17,8,-8,-8,-29,97
2007,18,6,-7,-8,-29,97
2007,19,10,-7,-8,-29,97
2007,20,6,-7,-8,-29,97
2007,21,6,-7,-8,-29,97
2007,22,6,-6,-8,-30,97
2007,23,8,-6,-8,-30,97
2008,0,90,94,-64,-49,85
2008,1,100,97,-63,-48,85
2008,2,92,99,-62,-48,85
2008,3,90,101,-62,-48,85
2008,4,71,100,-61,-48,85
2008,5,44,98,-60,-48,85
2008,6,39,95,-60,-48,85
2008,7,21,92,-59,-48,85
2008,8,-5,87,-59,-48,85
2008,9,-20,82,-58,-48,85
2008,10,-32,76,-57,-48,85
2008,11,-40,69,-56,-48,85
2008,12,-39,63,-55,-48,85
2008,13,-42,58,-54,-48,85
2008,14,-42,52,-54,-49,85
2008,15,-39,47,-53,-49,85
2008,16,-39,41,-52,-49,85
2008,17,-36,35,-51,-49,85
2008,18,-33,28,-50,-49,85
2008,19,-22,23,-49,-49,85
2008,20,-17,18,-48,-49,85
2008,21,-17,12,-47,-49,85
2008,22,-20,8,-46,-49,85
2008,23,-25,3,-45,-49,85
2009,0,-67,-72,-18,-17,87
2009,1,-60,-72,-18,-18,87
2009,2,-60,-72,-18,-18,86
2009,3,-64,-73,-18,-18,86
2009,4,-67,-73,-19,-18,86
2009,5,-70,-73,-19,-18,86
2009,6,-72,-73,-19,-18,86
2009,7,-64,-73,-19,-18,86
2009,8,-60,-72,-20,-18,86
2009,9,-47,-71,-20,-18,86
2009,10,-42,-69,-20,-18,86
2009,11,-36,-67,-20,-18,86
2009,12,-33,-64,-20,-18,86
2009,13,-33,-62,-20,-18,86
2009,14,-32,-59,-20,-19,86
2009,15,-25,-57,-20,-19,86
2009,16,-16,-54,-20,-19,86
2009,17,-8,-52,-20,-19,86
2009,18,-11,-49,-20,-19,86
2009,19,-11,-47,-20,-19,86
2009,20,-16,-46,-20,-19,86
2009,21,-25,-44,-20,-19,86
2009,22,-34,-43,-20,-20,86
2009,23,-42,-41,-20,-20,86
2010,0,-67,-51,-17,-40,101
2010,1,-84,-53,-18,-40,101
2010,2,-98,-55,-18,-40,101
2010,3,-108,-58,-19,-40,101
2010,4,-106,-61,-20,-40,101
2010,5,-97,-63,-20,-40,101
2010,6,-94,-65,-21,-40,101
2010,7,-89,-66,-21,-40,101
2010,8,-92,-68,-22,-40,101
2010,9,-92,-69,-22,-40,101
2010,10,-84,-70,-23,-41,101
2010,11,-79,-71,-23,-41,101
2010,12,-72,-72,-24,-41,101
2010,13,-70,-72,-24,-41,101
2010,14,-68,-73,-24,-41,101
2010,15,-62,-73,-25,-41,101
2010,16,-44,-72,-25,-41,101
2010,17,-28,-71,-25,-41,101
2010,18,-22,-70,-26,-41,101
2010,19,-11,-69,-26,-41,101
2010,20,-8,-68,-26,-41,101
2010,21,-12,-67,-26,-41,101
2010,22,-22,-65,-26,-42,101
2010,23,-30,-64,-26,-42,101
2011,0,-6,25,11,11,94
2011,1,-20,23,11,11,94
2011,2,-28,20,10,11,94
2011,3,-36,17,10,11,94
2011,4,-44,14,10,11,94
2011,5,-53,11,9,11,94
2011,6,-56,7,9,10,94
2011,7,-67,3,8,10,94
2011,8,-70,-1,8,10,94
2011,9,-72,-5,7,10,94
2011,10,-72,-9,6,10,94
2011,11,-80,-13,6,10,94
2011,12,-89,-17,5,10,94
2011,13,-78,-21,4,10,94
2011,14,-72,-25,4,10,94
2011,15,-58,-29,3,9,94
2011,16,-50,-33,3,9,94
2011,17,-47,-36,2,9,94
2011,18,-44,-40,2,9,94
2011,19,-36,-43,1,9,94
2011,20,-30,-45,1,9,94
2011,21,-28,-47,0,9,94
2011,22,-28,-49,0,9,94
2011,23,-30,-50,-0,9,94
2012,0,-22,-26,-35,20,112
2012,1,-21,-26,-35,20,112
2012,2,-22,-26,-35,20,112
2012,3,-21,-25,-35,20,112
2012,4,-21,-25,-35,20,112
2012,5,-20,-25,-36,20,112
2012,6,-22,-24,-36,20,112
2012,7,-20,-24,-36,20,112
2012,8,-17,-23,-36,20,112
2012,9,-6,-22,-36,20,112
2012,10,6,-21,-36,20,112
2012,11,3,-19,-36,20,112
2012,12,0,-18,-36,20,112
2012,13,-10,-17,-36,20,112
2012,14,-17,-17,-36,20,112
2012,15,-17,-16,-36,20,112
2012,16,-14,-16,-36,20,112
2012,17,-10,-15,-35,20,112
2012,18,-11,-15,-35,20,112
2012,19,-8,-15,-35,20,112
2012,20,0,-14,-35,20,112
2012,21,0,-13,-35,20,112
2012,22,-3,-12,-35,20,112
2012,23,-8,-12,-34,20,112
2013,0,11,-30,-59,-50,84
2013,1,25,-28,-59,-50,84
2013,2,30,-25,-58,-50,84
2013,3,33,-23,-58,-49,84
2013,4,36,-20,-58,-49,84
2013,5,36,-18,-57,-49,84
2013,6,33,-15,-57,-49,84
2013,7,20,-12,-57,-49,84
2013,8,8,-10,-57,-49,84
2013,9,3,-9,-57,-49,84
2013,10,6,-7,-56,-49,84
2013,11,-16,-5,-56,-49,84
2013,12,-39,-3,-56,-49,84
2013,13,-17,-0,-56,-49,84
2013,14,-12,3,-56,-49,84
2013,15,3,6,-56,-49,84
2013,16,16,7,-56,-49,84
2013,17,30,9,-56,-48,84
2013,18,39,11,-55,-48,84
2013,19,50,13,-55,-48,84
2013,20,53,15,-55,-48,84
2013,21,53,17,-54,-48,84
2013,22,50,19,-54,-48,84
2013,23,50,21,-54,-48,84
2014,0,17,56,36,8,73
2014,1,14,55,36,8,73
2014,2,8,53,36,8,73
2014,3,8,52,36,8,73
2014,4,0,51,37,9,73
2014,5,-8,48,36,9,73
2014,6,-11,45,36,9,73
2014,7,-20,41,36,9,73
2014,8,-25,37,36,9,73
2014,9,-30,33,36,9,73
2014,10,-36,28,36,9,73
2014,11,-42,24,35,9,73
2014,12,-44,19,35,9,73
2014,13,-50,13,35,9,73
2014,14,-47,8,35,9,73
2014,15,-36,3,34,9,73
2014,16,-20,-2,34,9,73
2014,17,-8,-6,34,10,73
2014,18,-6,-9,34,10,73
2014,19,8,-10,34,10,73
2014,20,8,-10,34,10,73
2014,21,3,-11,33,10,73
2014,22,-3,-12,33,10,73
2014,23,-12,-14,33,10,73
2015,0,11,23,41,35,93
2015,1,8,22,40,35,93
2015,2,6,21,40,35,93
2015,3,6,20,39,35,93
2015,4,6,19,39,35,93
2015,5,6,18,39,35,93
2015,6,6,17,38,35,93
2015,7,-3,15,38,35,93
2015,8,-6,14,37,35,93
2015,9,-6,13,37,35,93
2015,10,-8,11,36,35,93
2015,11,-11,10,36,35,93
2015,12,-11,9,36,35,93
2015,13,-11,7,35,35,93
2015,14,-11,6,35,35,93
2015,15,-11,5,34,35,93
2015,16,-20,3,34,35,93
2015,17,-20,1,33,35,93
2015,18,-17,-1,33,35,93
2015,19,-17,-2,32,35,93
2015,20,-14,-3,32,35,93
2015,21,-11,-4,32,35,93
2015,22,-11,-5,31,35,93
2015,23,-11,-6,31,35,93
2016,0,-33,-33,11,-24,106
2016,1,-42,-34,11,-25,106
2016,2,-47,-35,11,-25,106
2016,3,-47,-37,11,-25,106
2016,4,-52,-38,11,-25,106
2016,5,-64,-39,10,-25,106
2016,6,-67,-41,10,-26,106
2016,7,-70,-42,10,-26,106
2016,8,-70,-43,10,-26,105
2016,9,-70,-44,9,-26,105
2016,10,-64,-45,9,-26,105
2016,11,-58,-45,9,-26,105
2016,12,-56,-46,9,-27,105
2016,13,-38,-46,9,-27,105
2016,14,-22,-45,9,-27,105
2016,15,6,-43,9,-27,105
2016,16,30,-41,9,-27,105
2016,17,42,-38,10,-27,105
2016,18,44,-35,10,-27,105
2016,19,67,-31,10,-27,105
2016,20,64,-27,10,-27,106
2016,21,56,-23,11,-27,106
2016,22,47,-20,11,-27,106
2016,23,42,-17,11,-27,106
2017,0,-156,-170,-72,-6,105
2017,1,-161,-170,-73,-7,105
2017,2,-164,-170,-74,-7,105
2017,3,-167,-170,-75,-7,105
2017,4,-167,-169,-75,-8,105
2017,5,-167,-169,-76,-8,105
2017,6,-167,-169,-77,-9,105
2017,7,-172,-168,-78,-9,105
2017,8,-175,-167,-79,-10,105
2017,9,-175,-167,-80,-10,105
2017,10,-170,-166,-81,-10,105
2017,11,-164,-164,-82,-11,105
2017,12,-161,-163,-83,-11,105
2017,13,-153,-161,-84,-12,105
2017,14,-144,-160,-85,-12,105
2017,15,-128,-158,-86,-12,105
2017,16,-120,-156,-87,-13,105
2017,17,-120,-154,-88,-13,105
2017,18,-117,-153,-89,-13,105
2017,19,-111,-152,-89,-14,105
2017,20,-106,-150,-90,-14,105
2017,21,-106,-149,-91,-14,105
2017,22,-106,-147,-92,-15,105
2017,23,-106,-145,-93,-15,105
2018,0,78,53,9,1,93
2018,1,97,55,9,1,93
2018,2,103,58,10,1,93
2018,3,103,60,10,1,93
2018,4,100,62,10,2,93
2018,5,110,65,11,2,93
2018,6,106,67,11,2,93
2018,7,111,69,12,2,93
2018,8,108,72,12,3,93
2018,9,103,74,13,3,93
2018,10,92,76,13,3,93
2018,11,83,78,14,3,93
2018,12,78,79,14,4,93
2018,13,58,79,15,4,93
2018,14,36,79,15,4,93
2018,15,25,78,15,4,93
2018,16,17,77,15,4,93
2018,17,14,75,15,4,94
2018,18,11,74,15,4,94
2018,19,11,72,15,4,94
2018,20,11,70,15,4,94
2018,21,8,67,15,4,94
2018,22,6,65,15,4,94
2018,23,6,62,16,4,94
2019,0,17,26,54,8,89
2019,1,0,24,54,8,89
2019,2,-11,22,53,8,89
2019,3,-16,20,53,8,89
2019,4,-22,17,53,8,89
2019,5,-25,15,53,8,89
2019,6,-28,13,52,8,89
2019,7,-28,10,52,8,89
2019,8,-30,8,52,8,89
2019,9,-36,5,52,8,89
2019,10,-34,3,52,8,89
2019,11,-22,1,52,8,89
2019,12,-17,-1,52,8,89
2019,13,14,-1,52,8,89
2019,14,22,-1,52,8,89
2019,15,28,-0,52,8,89
2019,16,28,0,52,8,89
2019,17,28,1,51,8,89
2019,18,28,1,51,8,89
2019,19,30,1,51,8,89
2019,20,32,1,50,8,89
2019,21,33,1,50,8,89
2019,22,30,2,50,8,89
2019,23,36,2,50,8,89
2020,0,22,-12,-12,9,105
2020,1,22,-9,-12,9,105
2020,2,20,-7,-12,9,105
2020,3,14,-4,-12,9,105
2020,4,3,-1,-12,9,105
2020,5,-6,2,-12,9,105
2020,6,-11,4,-12,9,105
2020,7,-17,6,-12,9,105
2020,8,-17,8,-12,8,105
2020,9,-17,10,-12,8,105
2020,10,-17,11,-12,8,105
2020,11,-17,10,-12,8,105
2020,12,-17,9,-12,8,105
2020,13,-26,8,-13,8,105
2020,14,-33,6,-13,8,105
2020,15,-30,3,-13,8,105
2020,16,-22,1,-14,8,105
2020,17,-12,-0,-14,8,105
2020,18,-6,-2,-14,8,105
2020,19,0,-3,-15,8,105
2020,20,3,-4,-15,8,105
2020,21,0,-5,-15,8,105
2020,22,-8,-6,-16,7,105
2020,23,-14,-8,-16,7,105
2021,0,28,37,12,24,112
2021,1,16,36,12,24,112
2021,2,8,35,12,24,112
2021,3,3,34,12,24,112
2021,4,-3,32,12,24,112
2021,5,-8,30,12,24,112
2021,6,-11,28,12,24,112
2021,7,-20,27,12,24,112
2021,8,-22,25,12,24,112
2021,9,-22,23,12,24,112
2021,10,-25,21,12,24,112
2021,11,-28,19,12,24,112
2021,12,-28,16,12,24,112
2021,13,-16,14,13,24,112
2021,14,-6,12,13,24,112
2021,15,3,10,13,24,112
2021,16,12,9,13,24,112
2021,17,24,8,13,24,112
2021,18,28,7,13,24,112
2021,19,11,5,12,24,112
2021,20,14,3,12,24,112
2021,21,25,2,12,24,112
2021,22,26,2,12,24,112
2021,23,28,2,12,24,112
2022,0,-44,-85,-109,-15,100
2022,1,-39,-83,-108,-15,100
2022,2,-39,-81,-108,-15,99
2022,3,-36,-79,-108,-15,99
2022,4,-33,-76,-108,-15,99
2022,5,-33,-74,-107,-15,99
2022,6,-33,-71,-107,-15,99
2022,7,-30,-68,-106,-15,99
2022,8,-30,-64,-106,-15,99
2022,9,-28,-60,-105,-15,99
2022,10,-28,-56,-104,-15,99
2022,11,-30,-52,-104,-15,99
2022,12,-33,-49,-103,-15,99
2022,13,-22,-46,-103,-15,99
2022,14,-8,-42,-102,-15,99
2022,15,11,-38,-101,-15,99
2022,16,30,-33,-100,-15,99
2022,17,48,-28,-99,-15,99
2022,18,56,-23,-99,-15,99
2022,19,72,-18,-98,-15,99
2022,20,78,-13,-97,-15,100
2022,21,75,-8,-96,-15,100
2022,22,72,-3,-96,-15,100
2022,23,72,2,-95,-15,100
2023,0,30,28,67,38,113
2023,1,28,27,67,39,113
2023,2,28,27,67,39,113
2023,3,28,26,67,39,113
2023,4,28,26,67,39,113
2023,5,33,27,67,39,113
2023,6,33,29,67,39,113
2023,7,33,30,67,39,113
2023,8,33,31,67,40,113
2023,9,33,32,67,40,113
2023,10,33,34,67,40,113
